{
  "4_Tributos do Governo Federal": 1178377.07,
  "5_Orçamento Fiscal": 475618.92,
  "6_Imposto de Renda": 341845.62,
  "7_Pessoas Físicas": 27198.66,
  "8_Pessoas Jurídicas": 104910.17,
  "9_Retido na Fonte": 209736.8,
  "10_Imposto sobre Produtos Industrializados": 48048.71,
  "11_Imposto sobre Operações Financeiras": 34681.05,
  "12_Impostos sobre o Comércio Exterior": 38969.36,
  "13_Outros": 12074.18,
  "14_Orçamento Seguridade Social": 672642.0499999999,
  "15_Contribuição para a Previdência Social": 320447.09,
  "16_Cofins (1)": 199876.0,
  "17_Contribuição Social sobre o Lucro Líquido": 59146.89,
  "18_Contribuição para o PIS/Pasep": 52589.86,
  "19_Contrib. Seg. Soc. Servidor Público - CPSS": 29339.6,
  "20_CPMF/IPMF": 5.25,
  "21_Outros": 11237.36,
  "22_Demais": 30116.1,
  "23_Salário Educação (2)": 19038.91,
  "24_Cide Combustíveis": 3271.18,
  "25_Outras Contribuições Econômicas e Sociais (3)": 7806.009999999999,
  "26_Tributos com destinação para-fiscal": 136475.81,
  "27_Contribuições para o Sistema S": 18153.27,
  "28_Contribuição para o FGTS": 118322.54,
  "29_Tributos do Governo Estadual": 489741.22,
  "30_ICMS": 396428.49,
  "31_IPVA": 36218.71,
  "32_ITCD": 6460.68,
  "33_Contrib. Regime Próprio Previd. Est.": 21650.54,
  "34_Outros Tributos Estaduais": 28982.8,
  "35_Tributos do Governo Municipal": 120042.04,
  "36_ISS": 54454.89,
  "37_IPTU": 31521.09,
  "38_ITBI": 9904.45,
  "39_Contrib. Regime Próprio Previd. Mun.": 9534.64,
  "40_Outros Tributos Municipais": 14626.97,
  "42_Memo: PIB": 5995787.0
}