{
  "contexto": {
    "vab_total_rj_bi": 1570.5701240267376,
    "vab_total_brasil_bi": 7713.998999999994,
    "share_rj_no_brasil_pct": 20.359999061793225,
    "segmentos": {
      "Audiovisual & Mídia": {
        "vab_rj_mi": 23408.351804509846,
        "vab_br_mi": 108502.8413114032,
        "share_pib_rj_pct": 1.4904365902805967,
        "location_quotient": 1.0596244511229784
      },
      "Tecnologia & Software": {
        "vab_rj_mi": 29371.27302297282,
        "vab_br_mi": 136142.2881260498,
        "share_pib_rj_pct": 1.8701026190201995,
        "location_quotient": 1.0596244511229784
      },
      "Eventos & Artes": {
        "vab_rj_mi": 10214.71788989753,
        "vab_br_mi": 59122.40936565349,
        "share_pib_rj_pct": 0.6503827962618008,
        "location_quotient": 0.8485872436205777
      },
      "Turismo & Gastronomia": {
        "vab_rj_mi": 35717.05108504646,
        "vab_br_mi": 137126.99999999953,
        "share_pib_rj_pct": 2.2741455818268457,
        "location_quotient": 1.2793072658241451
      },
      "Design & Serviços Criativos": {
        "vab_rj_mi": 58321.7351726651,
        "vab_br_mi": 226510.1712173732,
        "share_pib_rj_pct": 3.7134117274009872,
        "location_quotient": 1.2646343516410883
      }
    },
    "total_criativo_rj_mi": 157033.12897509176,
    "total_criativo_br_mi": 667404.7100204792,
    "share_criativo_pib_rj_pct": 9.99847931479043,
    "lq_criativo_total": 1.1556445179034973
  },
  "multiplicadores": {
    "por_segmento": {
      "Audiovisual & Mídia": {
        "multiplicador_producao": 1.5012959041738563,
        "backward_linkage": 0.9951711973492295,
        "forward_linkage": 1.2354284649991587,
        "empregos_por_bi": 28115.406442144034,
        "renda_por_bi_mi": 1727.9863932168587,
        "vazamento_pct": 7.3075309802092,
        "impacto_producao_mi": 1501.2959041738563,
        "impacto_setorial": {},
        "top5_encadeados": [
          {
            "idx": 54,
            "setor": "Serviços de arquitetura, engenharia, testes/análises técnicas e P&D",
            "impacto_mi": 58.002102963798016
          },
          {
            "idx": 51,
            "setor": "Intermediação financeira, seguros e previdência complementar",
            "impacto_mi": 50.57059893182728
          },
          {
            "idx": 41,
            "setor": "Transporte terrestre",
            "impacto_mi": 23.4893539593822
          },
          {
            "idx": 38,
            "setor": "Água, esgoto e gestão de resíduos",
            "impacto_mi": 21.584951933284465
          },
          {
            "idx": 49,
            "setor": "Telecomunicações",
            "impacto_mi": 20.19636538029655
          }
        ]
      },
      "Tecnologia & Software": {
        "multiplicador_producao": 1.5012959041738565,
        "backward_linkage": 0.9951711973492295,
        "forward_linkage": 1.2281043937979643,
        "empregos_por_bi": 18079.922697917602,
        "renda_por_bi_mi": 1110.766521099657,
        "vazamento_pct": 7.307530980209198,
        "impacto_producao_mi": 1501.2959041738566,
        "impacto_setorial": {},
        "top5_encadeados": [
          {
            "idx": 54,
            "setor": "Serviços de arquitetura, engenharia, testes/análises técnicas e P&D",
            "impacto_mi": 58.002102963798016
          },
          {
            "idx": 51,
            "setor": "Intermediação financeira, seguros e previdência complementar",
            "impacto_mi": 50.570598931827284
          },
          {
            "idx": 41,
            "setor": "Transporte terrestre",
            "impacto_mi": 23.4893539593822
          },
          {
            "idx": 38,
            "setor": "Água, esgoto e gestão de resíduos",
            "impacto_mi": 21.58495193328447
          },
          {
            "idx": 49,
            "setor": "Telecomunicações",
            "impacto_mi": 20.19636538029655
          }
        ]
      },
      "Eventos & Artes": {
        "multiplicador_producao": 1.4593306514979287,
        "backward_linkage": 0.9673534895699311,
        "forward_linkage": 0.6628747834337556,
        "empregos_por_bi": 27914.293617157273,
        "renda_por_bi_mi": 1564.0054089134499,
        "vazamento_pct": 8.496098186834743,
        "impacto_producao_mi": 1459.3306514979288,
        "impacto_setorial": {},
        "top5_encadeados": [
          {
            "idx": 38,
            "setor": "Água, esgoto e gestão de resíduos",
            "impacto_mi": 58.14918532393491
          },
          {
            "idx": 54,
            "setor": "Serviços de arquitetura, engenharia, testes/análises técnicas e P&D",
            "impacto_mi": 54.110043617091215
          },
          {
            "idx": 51,
            "setor": "Intermediação financeira, seguros e previdência complementar",
            "impacto_mi": 33.25523141963281
          },
          {
            "idx": 43,
            "setor": "Transporte aéreo",
            "impacto_mi": 31.868353233267268
          },
          {
            "idx": 41,
            "setor": "Transporte terrestre",
            "impacto_mi": 25.195444398418935
          }
        ]
      },
      "Turismo & Gastronomia": {
        "multiplicador_producao": 1.4743828127004057,
        "backward_linkage": 0.9773311876672328,
        "forward_linkage": 0.8875901793518535,
        "empregos_por_bi": 61846.70415384967,
        "renda_por_bi_mi": 1430.236460047684,
        "vazamento_pct": 11.577808562506798,
        "impacto_producao_mi": 1474.3828127004058,
        "impacto_setorial": {},
        "top5_encadeados": [
          {
            "idx": 38,
            "setor": "Água, esgoto e gestão de resíduos",
            "impacto_mi": 95.0321240742231
          },
          {
            "idx": 54,
            "setor": "Serviços de arquitetura, engenharia, testes/análises técnicas e P&D",
            "impacto_mi": 47.0663516182573
          },
          {
            "idx": 41,
            "setor": "Transporte terrestre",
            "impacto_mi": 43.74776501117077
          },
          {
            "idx": 10,
            "setor": "Fabricação de bebidas",
            "impacto_mi": 42.77131775496121
          },
          {
            "idx": 42,
            "setor": "Transporte aquaviário",
            "impacto_mi": 22.634580193527437
          }
        ]
      },
      "Design & Serviços Criativos": {
        "multiplicador_producao": 1.4583984994024164,
        "backward_linkage": 0.9667355894514907,
        "forward_linkage": 0.7674990642005376,
        "empregos_por_bi": 11191.558085326855,
        "renda_por_bi_mi": 482.29028008513217,
        "vazamento_pct": 11.139680741230782,
        "impacto_producao_mi": 1458.3984994024163,
        "impacto_setorial": {},
        "top5_encadeados": [
          {
            "idx": 41,
            "setor": "Transporte terrestre",
            "impacto_mi": 62.22642137204768
          },
          {
            "idx": 38,
            "setor": "Água, esgoto e gestão de resíduos",
            "impacto_mi": 48.4182550610432
          },
          {
            "idx": 54,
            "setor": "Serviços de arquitetura, engenharia, testes/análises técnicas e P&D",
            "impacto_mi": 47.933484087911665
          },
          {
            "idx": 42,
            "setor": "Transporte aquaviário",
            "impacto_mi": 27.67753724708592
          },
          {
            "idx": 52,
            "setor": "Atividades imobiliárias",
            "impacto_mi": 23.561329799128764
          }
        ]
      }
    },
    "ranking_encadeamento": [
      {
        "idx": 29,
        "setor": "Fabricação de equipamentos de informática, produtos eletrônicos e ópticos",
        "bl": 1.0244994078164937,
        "fl": 0.8529340750309897,
        "tipo": "Forte p/ trás"
      },
      {
        "idx": 45,
        "setor": "Alojamento",
        "bl": 1.0035441487269572,
        "fl": 0.687460952281525,