{
  "national": {
    "base_vab": 7713998.999999998,
    "target_cbs": 307188.0,
    "target_ibs": 450882.0,
    "rate_cbs_cons": 4.684958438014104,
    "rate_ibs_avg_cons": 6.876451653217819
  },
  "states": [
    {
      "uf": "RJ",
      "icms": 29570.989172537495,
      "iss_est": 5549.60978909859,
      "target_ibs": 35120.59896163608,
      "base": 696869.1881992149,
      "rate": 5.039769235943908
    },
    {
      "uf": "SP",
      "icms": 153530.0395423531,
      "iss_est": 17855.918581613187,
      "target_ibs": 171385.9581239663,
      "base": 1909410.6164522746,
      "rate": 8.97585656260805
    },
    {
      "uf": "MG",
      "icms": 55774.209144590626,
      "iss_est": 4666.929756773625,
      "target_ibs": 60441.13890136425,
      "base": 640955.7349502195,
      "rate": 9.429846026115746
    }
  ]
}