{
  "year": 2024,
  "source": "CONFAZ 2024",
  "regional_factors": {
    "AC": 0.06825728097384841,
    "AL": 0.3035165296156918,
    "AM": 0.5494820415905189,
    "AP": 0.04727233884668869,
    "BA": 1.1568524865858179,
    "CE": 0.6990923944532066,
    "DF": 0.3738455372213106,
    "ES": 0.5539168871965074,
    "GO": 1.0059257221504776,
    "MA": 0.4693422119930287,
    "MG": 2.764975102189113,
    "MS": 0.6007814946226261,
    "MT": 0.8362532089950514,
    "PA": 0.8019042179808826,
    "PB": 0.34592255589741006,
    "PE": 0.9259411811083008,
    "PI": 0.24967209851402322,
    "PR": 1.8606267816502569,
    "RJ": 1.5342557705450304,
    "RN": 0.284959307887599,
    "RO": 0.22990455001873933,
    "RR": 0.06297415682319861,
    "RS": 1.7504066489620012,
    "SC": 1.38380773464752,
    "SE": 0.18513847488255608,
    "SP": 7.760093301572715,
    "TO": 0.1948799830758763
  },
  "validation": {
    "sum_shares": 0.9999999999999999,
    "mean_factor": 0.9999999999999999,
    "std_factor": 1.4721934361054123
  }
}