{
  "version": "v3_nacional",
  "year": 2021,
  "methodology": "CNAE -> Products using Make matrix (national level)",
  "total_icms_milhoes": 537000.0000000001,
  "total_icms_bilhoes": 537.0000000000001,
  "icms_by_product_milhoes": [
    13151.545350602542,
    29427.94870499795,
    2227.6169072145467,
    4423.281421419346,
    1291.622779237531,
    31030.636836375415,
    30480.35150104757,
    33970.42235869272,
    3967.5636793861536,
    24877.16761242044,
    2066.7288468566453,
    3568.0742264132227,
    37749.62312441349,
    2350.372201776317,
    17892.54828811542,
    191585.93787017683,
    14272.104464440265,
    105.887936759838,
    19613.15697589256,
    1664.4152913150597,
    1017.3356380394496,
    1485.823491917911,
    519.9749496430175,
    564.3243598701206,
    863.0152784042721,
    392.10676302694753,
    1029.8465197325652,
    24.142624875184282,
    447.70303242523124,
    1.5993403042525474,
    40.91909041496178,
    1459.4991558002034,
    36.9834620512953,
    1270.5457858204443,
    4.567409592816921,
    13731.721042921254,
    4995.734607270712,
    0.0,
    0.0,
    0.0,
    22790.55307157816,
    3540.441670398591,
    0.0,
    0.0,
    0.0,
    0.0,
    0.0,
    100.58388268203717,
    0.0,
    0.0,
    0.0,
    0.0,
    0.0,
    0.0,
    5.966080575763659,
    0.0,
    276.3918601195137,
    0.0,
    0.0,
    4607.622329667585,
    12075.59217531396,
    0.0,
    0.0,
    0.0,
    0.0,
    0.0,
    0.0
  ],
  "coefficients": [
    1.7976931348623157e+308,
    0.10809521234860991,
    0.040692269463027994,
    0.14437382648843247,
    0.008181828122598392,
    0.08296874195505598,
    0.16557620588707309,
    1.2278735618145102,
    0.05172590635888054,
    0.2506077306932873,
    0.00621310101692745,
    0.030064288622901978,
    0.9340546827867028,
    0.02072538206704973,
    0.176777036220827,
    3.255353811155822,
    2.2226176142772607,
    0.00118747451210667,
    0.02577193070238328,
    0.006735206284462175,
    0.013060200222036043,
    0.0025608253536732327,
    0.007653968891605636,
    0.002273183456928828,
    0.044175272969024924,
    0.004255680264866298,
    0.004810545326049022,
    0.0001438944913452748,
    0.0039994558439677315,
    5.587575663554255e-06,
    0.0007703637983596586,
    0.023062817303260423,
    0.0002316259181680771,
    0.00814927355806361,
    9.833899659653154e-06,
    0.037400817802763976,
    0.07049714629216434,
    0.0,
    0.0,
    0.0,
    0.013661746641940338,
    0.016941064312615772,
    0.0,
    0.0,
    0.0,
    0.0,
    0.0,
    0.0005251368251043561,
    0.0,
    0.0,
    0.0,
    0.0,
    0.0,
    0.0,
    3.2500955741045506e-05,
    0.0,
    0.001639107741977042,
    0.0,
    0.0,
    0.01243601827127707,
    0.015307210874935324,
    0.0,
    0.0,
    0.0,
    0.0,
    0.0,
    0.0
  ],
  "statistics": {
    "mean_coefficient_pct": Infinity,
    "min_coefficient_pct": 0.0005587575663554256,
    "max_coefficient_pct": Infinity
  }
}