{
  "target_revenue_millions": 997393.3940051176,
  "base_vab_millions": 8089217.080181732,
  "neutral_rate": 0.12329912575206972
}