{
  "metadata": "Reprocessed with MIP 2015 Structural Distribution (Make Matrix Mapping)",
  "taxes_by_type": {
    "ICMS": [
      4130.299746386629,
      3548.5375039621294,
      2249.3482665499428,
      1232.5240668628096,
      1398.9042958183215,
      133.27983342039906,
      218.27929900689765,
      21732.053613755852,
      3863.4476120957574,
      23833.44314619603,
      16180.619585301878,
      6130.592592701948,
      4741.999739567457,
      12051.116862834886,
      5949.904168069714,
      2117.8560410704827,
      5777.373463993078,
      2193.100514783345,
      60470.307206399404,
      6243.620428110107,
      5677.080779130643,
      4644.691515402902,
      10305.301571401033,
      7910.668783470147,
      6968.414930538452,
      8094.32534631173,
      2662.626654800846,
      1342.951812588124,
      5962.846027993646,
      11125.766683310916,
      7102.171275325229,
      5004.885292629355,
      17065.532322382252,
      3223.192859361121,
      3569.724725098898,
      11740.046856514438,
      2926.7766627699116,
      36502.04446717473,
      2382.3899779421604,
      25275.314321543483,
      9428.822365719516,
      13058.691229033997,
      1114.4718917717992,
      928.2773780896428,
      5349.961798893754,
      1308.2627824746685,
      17307.93280095986,
      497.29199171633815,
      1218.0815991232353,
      29342.157944933344,
      3412.5586423041123,
      52411.16093816174,
      533.5270579325762,
      7313.280888385704,
      2429.642334111759,
      3772.4191288713973,
      1860.0853035031241,
      7070.776713620149,
      1396.0484972846862,
      1521.554205748727,
      53.28668929313458,
      1515.5564138166062,
      45.98481732362657,
      4651.6829534139,
      4677.024504814903,
      1098.0982761206153,
      0.0
    ],
    "IPI": [
      423.0288380842916,
      363.44425087135403,
      230.3801762760649,
      126.2361707215168,
      143.2769762942415,
      13.650634707862102,
      22.356352784691566,
      2225.8155470327224,
      395.69761390180014,
      2441.0416630182153,
      1657.2329184201178,
      627.9005448763634,
      485.679675374693,
      1234.285712208415,
      609.3942816458739,
      216.91262990479805,
      591.7235391426802,
      224.61923335769828,
      6193.420663597704,
      639.4769525997316,
      581.4514764472726,
      475.71328370048343,
      1055.4778145755247,
      810.2174731673335,
      713.7110264052418,
      829.0277356557638,
      272.7085028194535,
      137.5462750323032,
      610.71979802542,
      1139.5105541566115,
      727.4104658154331,
      512.6046389098966,
      1747.8664389776982,
      330.1221736775822,
      365.6142642093844,
      1202.4256556951473,
      299.76297290939505,
      3738.570662373576,
      244.00642232182275,
      2588.7193439197235,
      965.7080635280697,
      1337.4823418936123,
      114.1451658239273,
      95.07496423636937,
      547.9476702777588,
      133.99339485308522,
      1772.6933036364849,
      50.93307177727858,
      124.75696080405574,
      3005.248951529486,
      349.5171793793784,
      5367.995999253064,
      54.64429829849477,
      749.0324932238617,
      248.84604911759166,
      386.3743986739793,
      190.51153015395127,
      724.1950079126782,
      142.9844829621187,
      155.8388851325512,
      5.457668363356428,
      155.22458614509003,
      4.709804381377023,
      476.4293527705111,
      479.0248561728485,
      112.46816608311703,
      0.0
    ],
    "ISS": [
      569.166073058865,
      488.99771935418545,
      309.96605535325097,
      169.84502969804078,
      192.7726590140704,
      18.366308516032646,
      30.07945647394865,
      2994.7336450985717,
      532.3931532496947,
      3284.3106011517807,
      2229.7315629652494,
      844.811642197289,
      653.4599268677688,
      1660.6753218804126,
      819.9123062144484,
      291.8460838719101,
      796.1371253919698,
      302.2149685176304,
      8332.965983749638,
      860.3871725887299,
      782.3165319472396,
      640.0505998879231,
      1420.0974232470696,
      1090.1107820796851,
      960.2657446179617,
      1115.4191352459368,
      366.91689470253743,
      185.0622609525534,
      821.6957282523832,
      1533.159654683441,
      978.6977176425827,
      689.6862414424064,
      2351.674845169994,
      444.16437912983787,
      491.91737366353533,
      1617.809064026198,
      403.31745445991334,
      5030.076891193538,
      328.2995500329979,
      3483.004208182901,
      1299.3163036559483,
      1799.5216963659511,
      153.5771321994658,
      127.91904279075152,
      737.2386836464392,
      180.2820221659692,
      2385.078263074543,
      68.5281329367021,
      167.85481999091135,
      4043.425862057854,
      470.25947771043633,
      7222.39461717685,
      73.52141952888387,
      1007.7891727011958,
      334.8110479036688,
      519.8491909431721,
      256.3246042071344,
      974.3714651916034,
      192.37912253085062,
      209.6741363601598,
      7.343044707061376,
      208.84762499521204,
      6.33682771312545,
      641.0140382730514,
      644.5061701234689,
      151.32080527546654,
      0.0
    ],
    "PIS_PASEP": [
      546.0917727997219,
      469.17348748847525,
      297.39986392001106,
      162.95942038595805,
      184.95755121620266,
      17.621728441058348,
      28.86001904932911,
      2873.3255243513327,
      510.80964703686925,
      3151.1628740780598,
      2139.337040142334,
      810.5625215676691,
      626.9683082109673,
      1593.3506466690446,
      786.6726181246736,
      280.0144858771029,
      763.8612959841872,
      289.9630103344832,
      7995.143038462492,
      825.5066115378354,
      750.6009968682974,
      614.1026025951695,
      1362.5259060884048,
      1045.9171017251033,
      921.3360522685848,
      1070.1994405738042,
      352.04188545784,
      177.55973685988232,
      788.3837392691785,
      1471.004533547626,
      939.0207831435591,
      661.7259884109575,
      2256.3366757712106,
      426.15771511106067,
      471.9747774339325,
      1552.22221007919,
      386.96674684667363,
      4826.154855064071,
      314.99010881544393,
      3341.8013348781888,
      1246.641318372599,
      1726.568114080845,
      147.35103224543343,
      122.73313565058592,
      707.3506289040159,
      172.9732915376191,
      2288.3859010580077,
      65.74996538521417,
      161.04989485614468,
      3879.5031919744274,
      451.19490428974296,
      6929.59483539941,
      70.54082143987506,
      966.9328548889852,
      321.2376270427093,
      498.77422374277324,
      245.9330661987371,
      934.8699193054573,
      184.57996891473505,
      201.17383353474793,
      7.045353705423753,
      200.38082938729804,
      6.079929292323066,
      615.0269826673871,
      618.3775416049499,
      145.18617803456925,
      0.0
    ],